City_ID,City,Lat,Lng,Max Temp,Humidity,Cloudiness,Wind Speed,Country,Date,Max Temp(Celsius)
0,beringovskiy,63.05,179.3167,275.93,78,100,9.05,RU,1667719200,2.829999999999984
1,provideniya,64.3833,-173.3,275.17,99,100,9.6,RU,1667719200,2.069999999999993
2,vaini,-21.2,-175.2,296.24,88,40,3.6,TO,1667719200,23.139999999999986
3,east london,-33.0153,27.9116,295.5,60,0,2.14,ZA,1667719046,22.399999999999977
4,koutsouras,35.0339,25.9469,295.43,70,0,8.49,GR,1667719201,22.329999999999984
5,molteno,-31.3968,26.3625,290.35,58,2,2.38,ZA,1667719201,17.25
6,sorong,-0.8833,131.25,302.55,70,97,1.86,ID,1667719202,29.44999999999999
7,rikitea,-23.1203,-134.9692,295.03,77,100,7.73,PF,1667719202,21.92999999999995
8,teya,60.3778,92.6267,270.72,86,99,3.06,RU,1667719203,-2.3799999999999955
9,tuktoyaktuk,69.4541,-133.0374,259.48,90,100,6.86,CA,1667719203,-13.620000000000005
10,ilulissat,69.2167,-51.1,268.16,68,100,4.63,GL,1667719203,-4.939999999999998
11,victoria,22.2855,114.1577,295.55,85,96,5.81,HK,1667719197,22.44999999999999
12,buctzotz,21.2,-88.7833,294.75,93,5,1.8,MX,1667719204,21.649999999999977
13,atuona,-9.8,-139.0333,298.34,70,45,7.08,PF,1667719204,25.239999999999952
14,puerto ayora,-0.7393,-90.3518,291.43,80,9,3.66,EC,1667719204,18.329999999999984
15,mataura,-46.1927,168.8643,284.06,68,0,1.98,NZ,1667719205,10.95999999999998
16,punta arenas,-53.15,-70.9167,282.21,81,0,5.14,CL,1667719205,9.109999999999957
17,barrow,71.2906,-156.7887,249.16,84,100,5.14,US,1667719205,-23.940000000000026
18,butaritari,3.0707,172.7902,299.66,73,79,3.96,KI,1667719207,26.560000000000002
19,piranhas,-16.4269,-51.8222,292.81,53,6,2.32,BR,1667719207,19.70999999999998
20,kisanga,-7.4362,37.7034,304.51,40,1,2.08,TZ,1667719207,31.409999999999968
21,bredasdorp,-34.5322,20.0403,294.45,62,3,6.68,ZA,1667719208,21.349999999999966
22,puerto leguizamo,-0.1934,-74.7819,295.36,83,81,0.55,CO,1667719208,22.25999999999999
23,torbay,47.6666,-52.7314,284.58,93,75,4.12,CA,1667719208,11.479999999999961
24,ugoofaaru,5.6667,73.0,300.56,71,78,2.77,MV,1667719208,27.45999999999998
25,alghero,40.5589,8.3181,283.2,100,20,0.51,IT,1667719209,10.099999999999966
26,yaan,7.3833,8.5667,296.84,44,100,1.48,NG,1667719209,23.739999999999952
27,syracuse,37.0881,15.2792,287.92,58,11,3.95,IT,1667719210,14.819999999999993
28,vanavara,60.34,102.2797,269.78,87,100,2.53,RU,1667719210,-3.32000000000005
29,guerrero negro,27.9769,-114.0611,290.84,72,0,4.88,MX,1667719210,17.739999999999952
30,naliya,23.2667,68.8333,305.16,29,100,2.67,IN,1667719054,32.06
31,chuy,-33.6971,-53.4616,286.9,92,0,3.21,UY,1667719211,13.799999999999955
32,yulara,-25.2406,130.9889,307.53,10,55,3.1,AU,1667718452,34.42999999999995
33,concepcion,-36.827,-73.0498,282.04,93,0,1.03,CL,1667719212,8.939999999999998
34,katsuura,35.1333,140.3,289.69,63,53,4.93,JP,1667719029,16.589999999999975
35,baruun-urt,46.6806,113.2792,276.51,38,2,3.95,MN,1667719212,3.409999999999968
36,yellowknife,62.456,-114.3525,253.46,77,0,5.14,CA,1667719213,-19.640000000000015
37,palmer,42.1584,-72.3287,292.49,77,100,4.12,US,1667718966,19.389999999999986
38,arraial do cabo,-22.9661,-42.0278,292.78,74,23,3.12,BR,1667719213,19.67999999999995
39,mahebourg,-20.4081,57.7,300.31,61,40,6.17,MU,1667719214,27.20999999999998
40,chokurdakh,70.6333,147.9167,257.99,96,100,3.57,RU,1667719214,-15.110000000000014
41,quang ngai,15.1167,108.8,299.14,80,68,4.83,VN,1667719023,26.039999999999964
42,vestmannaeyjar,63.4427,-20.2734,279.79,84,100,12.81,IS,1667719214,6.689999999999998
43,avarua,-21.2078,-159.775,296.18,73,0,3.6,CK,1667719097,23.079999999999984
44,margate,51.3813,1.3862,287.54,94,100,3.13,GB,1667719215,14.439999999999998
45,jalu,29.0331,21.5482,294.16,38,0,5.42,LY,1667719216,21.060000000000002
46,medicine hat,50.0501,-110.6683,266.33,91,100,9.26,CA,1667719216,-6.770000000000039
47,kaitangata,-46.2817,169.8464,283.61,74,60,2.36,NZ,1667719216,10.509999999999991
48,flinders,-34.5833,150.8552,293.29,75,72,4.04,AU,1667719216,20.189999999999998
49,chapais,49.7834,-74.8492,287.03,85,100,8.43,CA,1667719217,13.92999999999995
50,vinh,18.6667,105.6667,298.14,70,34,4.13,VN,1667719217,25.039999999999964
51,lata,40.1629,-8.3327,283.19,62,80,1.44,PT,1667719217,10.089999999999975
52,busselton,-33.65,115.3333,295.68,48,90,2.93,AU,1667719218,22.579999999999984
53,emba,48.8264,58.1442,273.25,72,95,3.07,KZ,1667718977,0.14999999999997726
54,qaanaaq,77.484,-69.3632,257.6,78,100,2.57,GL,1667719219,-15.5
55,mezen,65.8522,44.24,273.47,87,100,4.08,RU,1667719219,0.37000000000000455
56,cooma,-36.2333,149.1333,289.52,63,88,0.7,AU,1667719219,16.41999999999996
57,flin flon,54.7682,-101.865,269.74,95,100,6.7,CA,1667719220,-3.3600000000000136
58,clyde river,70.4692,-68.5914,250.96,87,55,2.6,CA,1667719220,-22.140000000000015
59,maceio,-9.6658,-35.7353,295.84,100,75,2.06,BR,1667719220,22.739999999999952
60,saint-joseph,-21.3667,55.6167,299.36,76,37,0.96,RE,1667719221,26.25999999999999
61,konskie,51.1917,20.4061,281.06,90,52,1.33,PL,1667719222,7.9599999999999795
62,mar del plata,-38.0023,-57.5575,288.76,90,0,10.28,AR,1667719222,15.659999999999968
63,hithadhoo,-0.6,73.0833,300.69,75,100,3.91,MV,1667719223,27.589999999999975
64,cayenne,4.9333,-52.3333,297.17,94,20,0.0,GF,1667719223,24.069999999999993
65,hobart,-42.8794,147.3294,296.63,59,40,4.12,AU,1667719040,23.529999999999973
66,hasaki,35.7333,140.8333,291.09,53,3,4.34,JP,1667719002,17.989999999999952
67,bluff,-46.6,168.3333,285.06,72,6,4.76,NZ,1667719224,11.95999999999998
68,esperance,-33.8667,121.9,291.48,68,99,10.5,AU,1667719224,18.379999999999995
69,tiarei,-17.5333,-149.3333,298.16,92,100,13.03,PF,1667719224,25.060000000000002
70,new norfolk,-42.7826,147.0587,296.43,27,91,0.89,AU,1667719225,23.329999999999984
71,catuday,16.2923,119.8062,301.84,68,5,3.43,PH,1667719225,28.739999999999952
72,hermanus,-34.4187,19.2345,294.15,69,4,5.12,ZA,1667719226,21.049999999999955
73,talnakh,69.4865,88.3972,266.9,96,100,4.39,RU,1667719226,-6.2000000000000455
74,cape town,-33.9258,18.4232,296.38,62,0,3.13,ZA,1667719226,23.279999999999973
75,geraldton,-28.7667,114.6,296.38,60,0,10.29,AU,1667719227,23.279999999999973
76,zeya,53.75,127.2667,267.94,82,23,0.32,RU,1667719227,-5.160000000000025
77,lebu,-37.6167,-73.65,282.69,92,12,2.78,CL,1667718934,9.589999999999975
78,constitucion,-35.3333,-72.4167,282.96,89,0,2.85,CL,1667719228,9.859999999999957
79,thompson,55.7435,-97.8558,270.11,93,100,3.84,CA,1667719228,-2.990000000000009
80,hofn,64.2539,-15.2082,278.3,81,100,6.63,IS,1667719228,5.199999999999989
81,tabas,33.5959,56.9244,294.27,35,0,1.03,IR,1667719002,21.16999999999996
82,shimoda,34.6667,138.95,291.35,69,66,3.61,JP,1667719008,18.25
83,kabinda,-6.1333,24.4833,293.68,91,100,1.36,CD,1667719040,20.579999999999984
84,presidencia roque saenz pena,-26.7852,-60.4388,288.55,59,1,2.76,AR,1667719230,15.449999999999989
85,katobu,-4.9408,122.5276,302.98,67,99,1.57,ID,1667719230,29.879999999999995
86,saskylakh,71.9167,114.0833,242.02,100,79,1.14,RU,1667719230,-31.080000000000013
87,carnarvon,-24.8667,113.6333,294.73,67,58,9.03,AU,1667719230,21.629999999999995
88,christchurch,-43.5333,172.6333,287.01,67,100,7.2,NZ,1667718936,13.909999999999968
89,tezu,27.9167,96.1667,300.93,35,0,1.48,IN,1667719231,27.829999999999984
90,jamestown,42.097,-79.2353,293.16,88,100,4.12,US,1667719232,20.060000000000002
91,brae,60.3964,-1.353,281.09,87,18,2.36,GB,1667719232,7.989999999999952
92,kapaa,22.0752,-159.319,299.33,83,75,7.72,US,1667719232,26.22999999999996
93,miami,25.7743,-80.1937,299.27,83,75,1.79,US,1667718981,26.16999999999996
94,leh,34.1667,77.5833,275.62,41,100,1.64,IN,1667719233,2.519999999999982
95,anjar,23.1333,70.0167,306.03,23,55,0.79,IN,1667718996,32.92999999999995
96,vila franca do campo,37.7167,-25.4333,287.15,82,94,1.49,PT,1667719234,14.049999999999955
97,lahat,-3.8,103.5333,300.42,87,100,0.59,ID,1667719234,27.319999999999993
98,mangai,-4.05,19.5333,294.85,94,100,1.04,CD,1667719021,21.75
99,suez,29.9737,32.5263,294.55,60,0,2.66,EG,1667719234,21.44999999999999
100,tiksi,71.6872,128.8694,257.26,90,100,7.49,RU,1667719235,-15.840000000000032
101,ribeira grande,38.5167,-28.7,290.37,82,75,2.57,PT,1667719235,17.269999999999982
102,bengkulu,-3.8004,102.2655,301.0,69,100,2.46,ID,1667719235,27.899999999999977
103,sola,-13.8833,167.55,300.29,71,6,2.83,VU,1667719236,27.189999999999998
104,ahtopol,42.1,27.95,290.39,79,100,1.92,BG,1667719236,17.289999999999964
105,saint-philippe,-21.3585,55.7679,299.92,76,50,3.21,RE,1667719237,26.819999999999993
106,ushuaia,-54.8,-68.3,279.96,93,0,2.57,AR,1667719237,6.859999999999957
107,georgetown,5.4112,100.3354,305.11,77,40,3.6,MY,1667719237,32.00999999999999
108,kamenka,51.3223,42.7678,275.74,72,100,2.59,RU,1667719238,2.6399999999999864
109,albany,42.6001,-73.9662,292.72,80,100,0.89,US,1667719005,19.620000000000005
110,kirakira,-10.4544,161.9205,300.29,83,89,0.31,SB,1667719029,27.189999999999998
111,hilo,19.7297,-155.09,296.83,89,75,3.09,US,1667719238,23.72999999999996
112,kalevala,65.2,31.1667,272.14,85,100,3.71,RU,1667719239,-0.9600000000000364
113,bambous virieux,-20.3428,57.7575,300.29,61,40,6.17,MU,1667719239,27.189999999999998
114,pevek,69.7008,170.3133,272.21,91,99,7.61,RU,1667719153,-0.8900000000000432
115,severo-yeniseyskiy,60.3725,93.0408,268.77,89,100,3.31,RU,1667719240,-4.330000000000041
116,gamba,-2.65,10.0,297.2,92,100,1.69,GA,1667719240,24.099999999999966
117,tasiilaq,65.6145,-37.6368,272.24,93,100,2.34,GL,1667719240,-0.8600000000000136
118,vila velha,-20.3297,-40.2925,293.12,82,0,1.79,BR,1667719241,20.019999999999982
119,natal,-5.795,-35.2094,298.27,83,40,3.09,BR,1667719241,25.16999999999996
120,nizwa,22.9333,57.5333,302.16,27,10,3.5,OM,1667719242,29.060000000000002
121,lixourion,38.2019,20.4314,288.15,94,75,4.63,GR,1667719242,15.049999999999955
122,camapua,-19.5314,-54.0439,290.02,49,0,3.02,BR,1667719242,16.91999999999996
123,sao filipe,14.8961,-24.4956,298.85,68,1,1.62,CV,1667719242,25.75
124,kasongo-lunda,-6.4667,16.8167,296.11,87,100,0.79,CD,1667719040,23.00999999999999
125,turan,16.0678,108.2208,302.14,61,20,6.17,VN,1667719175,29.039999999999964
126,kampong chhnang,12.1667,104.55,300.62,75,100,2.12,KH,1667719243,27.519999999999982
127,kavaratti,10.5669,72.642,300.34,78,100,3.5,IN,1667718958,27.239999999999952
128,warri,5.5167,5.75,299.59,83,100,0.83,NG,1667719244,26.489999999999952
129,kudahuvadhoo,2.6708,72.8944,300.53,77,91,4.95,MV,1667719245,27.42999999999995
130,iqaluit,63.7506,-68.5145,265.0,79,100,1.54,CA,1667719020,-8.100000000000023
131,lasa,46.6166,10.7002,277.64,45,91,0.79,IT,1667719245,4.539999999999964
132,saint anthony,45.0205,-93.218,277.62,85,40,3.09,US,1667719246,4.519999999999982
133,sisimiut,66.9395,-53.6735,264.94,78,22,4.74,GL,1667719246,-8.160000000000025
134,derzhavinsk,51.1,66.3167,273.26,60,24,5.83,KZ,1667719246,0.15999999999996817
135,kokkola,63.8385,23.1307,275.95,97,100,5.14,FI,1667719247,2.849999999999966
136,ankazoabo,-22.2833,44.5167,301.87,51,100,2.72,MG,1667719247,28.769999999999982
137,pochutla,15.7432,-96.4661,298.61,90,96,1.29,MX,1667719248,25.50999999999999
138,nome,64.5011,-165.4064,272.19,74,100,9.77,US,1667719248,-0.910000000000025
139,khatanga,71.9667,102.5,243.98,99,64,2.34,RU,1667719249,-29.120000000000033
140,aklavik,68.2191,-135.0107,260.59,75,100,6.96,CA,1667719249,-12.510000000000048
141,ostrovnoy,68.0531,39.5131,273.39,87,97,8.28,RU,1667719249,0.2899999999999636
142,norman wells,65.282,-126.8329,259.17,85,100,6.17,CA,1667719250,-13.930000000000007
143,harper,4.375,-7.7169,298.67,86,91,3.23,LR,1667719250,25.569999999999993
144,lago da pedra,-4.3333,-45.1667,296.08,92,92,0.76,BR,1667719250,22.97999999999996
145,araouane,18.9048,-3.5265,295.79,20,0,5.62,ML,1667719250,22.689999999999998
146,kodiak,57.79,-152.4072,270.88,59,0,3.6,US,1667719251,-2.2200000000000273
147,ngunguru,-35.6167,174.5,289.21,76,100,7.76,NZ,1667719251,16.109999999999957
148,iskateley,67.6803,53.1512,273.67,91,100,1.93,RU,1667719252,0.5699999999999932
149,kibala,9.1104,18.3463,299.12,44,0,3.6,TD,1667719252,26.019999999999982
150,swansea,51.6208,-3.9432,286.08,90,100,4.97,GB,1667719252,12.979999999999961
151,knysna,-34.0363,23.0471,296.03,63,0,2.99,ZA,1667719253,22.92999999999995
152,lavrentiya,65.5833,-171.0,274.12,98,100,14.65,RU,1667719254,1.0199999999999818
153,chara,56.9064,118.2631,266.49,82,35,2.15,RU,1667719254,-6.610000000000014
154,upernavik,72.7868,-56.1549,265.78,87,100,4.66,GL,1667719254,-7.32000000000005
155,ferme-neuve,46.7001,-75.4493,291.85,82,100,8.16,CA,1667719255,18.75
156,paris,48.8534,2.3488,283.49,86,100,5.14,FR,1667718494,10.389999999999986
157,roebourne,-20.7833,117.1333,302.28,32,87,10.23,AU,1667719255,29.17999999999995
158,faanui,-16.4833,-151.75,298.49,83,100,10.46,PF,1667719255,25.389999999999986
159,batemans bay,-35.7167,150.1833,293.2,75,98,3.39,AU,1667719256,20.099999999999966
160,uray,60.1247,64.7758,268.63,82,100,3.3,RU,1667719256,-4.470000000000027
161,halifax,44.6453,-63.5724,288.43,93,58,4.63,CA,1667719236,15.329999999999984
162,severo-kurilsk,50.6789,156.125,276.54,85,100,4.34,RU,1667719257,3.4399999999999977
163,ust-kut,56.7938,105.7672,273.56,71,100,2.81,RU,1667719257,0.45999999999997954
164,rongcheng,30.634,117.8517,295.77,31,0,0.54,CN,1667719257,22.66999999999996
165,san luis,-33.295,-66.3356,293.38,33,68,5.66,AR,1667719257,20.279999999999973
166,marsa matruh,31.3525,27.2453,293.79,50,0,6.44,EG,1667719258,20.689999999999998
167,benidorm,38.5382,-0.131,290.7,45,10,4.77,ES,1667719258,17.599999999999966
168,grindavik,63.8424,-22.4338,279.12,65,75,6.69,IS,1667719259,6.019999999999982
169,sindor,62.8629,51.8905,273.38,97,100,3.07,RU,1667719259,0.2799999999999727
170,tautira,-17.7333,-149.15,297.54,87,100,13.13,PF,1667719259,24.439999999999998
171,whitehorse,60.7161,-135.0538,259.58,68,100,3.6,CA,1667719260,-13.520000000000039
172,liku,-0.7275,119.8922,303.4,63,69,1.7,ID,1667719260,30.299999999999955
173,ponta do sol,32.6667,-17.1,292.99,87,13,1.21,PT,1667719261,19.889999999999986
174,ancud,-41.8697,-73.8203,284.28,82,100,2.81,CL,1667719261,11.17999999999995
175,grand-lahou,5.1367,-5.0242,298.54,87,50,2.47,CI,1667719262,25.439999999999998
176,haines junction,60.7522,-137.5108,260.12,56,100,2.57,CA,1667719262,-12.980000000000018
177,goundi,9.3627,17.366,298.33,26,92,1.85,TD,1667719263,25.22999999999996
178,ahmadpur sial,30.6754,71.7483,301.34,37,100,4.49,PK,1667719263,28.239999999999952
179,sabha,27.0377,14.4283,290.77,27,0,1.95,LY,1667719264,17.66999999999996
180,novikovo,51.1537,37.8879,275.22,76,22,2.0,RU,1667719264,2.1200000000000045
181,leningradskiy,69.3833,178.4167,262.06,86,41,6.02,RU,1667719264,-11.04000000000002
182,escarcega,18.6089,-90.7454,295.53,98,67,1.34,MX,1667719265,22.42999999999995
183,port alfred,-33.5906,26.891,294.36,79,4,1.79,ZA,1667719265,21.25999999999999
184,brzesko,49.9691,20.6061,282.49,93,100,1.6,PL,1667719266,9.389999999999986
185,vao,-22.6667,167.4833,297.41,86,24,7.8,NC,1667719266,24.310000000000002
186,kijang,35.2442,129.2139,291.0,34,4,2.42,KR,1667719267,17.899999999999977
187,longyearbyen,78.2186,15.6401,273.06,80,40,1.54,SJ,1667719155,-0.040000000000020464
188,la ronge,55.1001,-105.2842,267.29,73,100,6.69,CA,1667719267,-5.810000000000002
189,dunedin,-45.8742,170.5036,284.15,77,55,1.34,NZ,1667719060,11.049999999999955
190,tuatapere,-46.1333,167.6833,285.07,71,1,2.22,NZ,1667719268,11.96999999999997
191,laguna,38.421,-121.4238,288.74,90,100,4.12,US,1667719268,15.639999999999986
192,sarakhs,36.5449,61.1577,293.23,56,0,3.09,IR,1667719072,20.129999999999995
193,aykhal,66.0,111.5,253.49,100,90,0.37,RU,1667719268,-19.610000000000014
194,srandakan,-7.9386,110.2506,300.48,80,100,3.58,ID,1667719269,27.379999999999995
195,berlevag,70.8578,29.0864,278.15,87,100,6.17,NO,1667719269,5.0499999999999545
196,avera,33.194,-82.5271,294.47,95,97,6.08,US,1667719269,21.370000000000005
197,vaitape,-16.5167,-151.75,298.55,83,100,10.48,PF,1667719270,25.44999999999999
198,pangai,-19.8,-174.35,297.95,77,2,8.89,TO,1667719030,24.849999999999966
199,roald,62.5833,6.1333,282.46,93,75,1.03,NO,1667719270,9.359999999999957
200,bethel,41.3712,-73.414,292.61,85,75,4.12,US,1667719270,19.50999999999999
201,severnoye,56.3491,78.3619,271.87,93,100,6.92,RU,1667719271,-1.2300000000000182
202,ayagoz,47.9714,80.4392,281.01,79,100,4.26,KZ,1667719271,7.909999999999968
203,mount isa,-20.7333,139.5,304.02,33,75,7.2,AU,1667719271,30.91999999999996
204,kant,27.8,79.8,301.41,39,97,2.34,IN,1667719025,28.310000000000002
205,cherskiy,68.75,161.3,256.59,96,100,2.66,RU,1667719272,-16.510000000000048
206,aksu,41.1231,80.2644,286.56,26,100,0.52,CN,1667719273,13.45999999999998
207,rawson,-43.3002,-65.1023,293.86,41,37,10.04,AR,1667719273,20.75999999999999
208,nantucket,41.2835,-70.0995,291.23,94,0,6.69,US,1667719273,18.129999999999995
209,monaghan,54.25,-6.9667,281.7,96,67,4.61,IE,1667719023,8.599999999999966
210,ziniare,12.5822,-1.2983,296.17,31,26,3.43,BF,1667719274,23.069999999999993
211,hamilton,39.1834,-84.5333,291.5,76,100,4.12,US,1667719275,18.399999999999977
212,yumbo,3.5823,-76.4915,293.02,94,75,2.06,CO,1667719275,19.91999999999996
213,hovd,48.0056,91.6419,276.29,44,89,1.53,MN,1667719027,3.1899999999999977
214,zhigansk,66.7697,123.3711,244.38,98,31,2.91,RU,1667719275,-28.720000000000027
215,elat,29.5581,34.9482,294.06,64,1,3.09,IL,1667719276,20.95999999999998
216,zarate,-34.0981,-59.0286,288.61,80,6,2.24,AR,1667719276,15.509999999999991
217,shingu,33.7333,135.9833,289.91,62,100,1.19,JP,1667719277,16.810000000000002
218,santa rosa,14.3122,121.1114,304.32,72,86,5.32,PH,1667719181,31.21999999999997
219,kavieng,-2.5744,150.7967,302.12,69,100,2.4,PG,1667719277,29.019999999999982
220,sobolevo,54.4299,31.8996,273.52,75,100,5.88,RU,1667719277,0.4199999999999591
221,wanning,18.8003,110.3967,297.48,82,83,6.31,CN,1667719278,24.379999999999995
222,college,64.8569,-147.8028,256.98,84,40,2.06,US,1667719278,-16.120000000000005
223,nanortalik,60.1432,-45.2371,274.22,96,100,4.68,GL,1667719278,1.1200000000000045
224,atar,20.5169,-13.0499,294.72,14,49,3.42,MR,1667719279,21.620000000000005
225,belmonte,-15.8631,-38.8828,294.62,79,100,4.64,BR,1667719279,21.519999999999982
226,iquitos,-3.7481,-73.2472,295.17,94,0,0.0,PE,1667719279,22.069999999999993
227,pangnirtung,66.1451,-65.7125,259.92,90,19,4.11,CA,1667719280,-13.180000000000007
228,rabak,13.1809,32.74,304.93,18,20,7.57,SD,1667719028,31.829999999999984
229,lethem,3.3803,-59.7968,296.46,91,100,2.04,GY,1667719281,23.359999999999957
230,asau,46.4333,26.4,282.75,95,100,1.46,RO,1667719281,9.649999999999977
231,ambajogai,18.7333,76.3833,301.06,33,25,4.5,IN,1667719056,27.95999999999998
232,kabompo,-13.5927,24.2008,294.46,78,98,1.46,ZM,1667719282,21.359999999999957
233,inirida,3.8653,-67.9239,296.74,81,100,0.52,CO,1667719282,23.639999999999986
234,petropavlovsk-kamchatskiy,53.0452,158.6483,271.48,100,40,0.0,RU,1667719283,-1.6200000000000045
235,gizo,-8.103,156.8419,301.66,72,38,0.98,SB,1667719283,28.560000000000002
236,flagstaff,35.1981,-111.6513,277.1,74,0,0.45,US,1667719283,4.0
237,diffa,13.3154,12.6113,297.09,30,100,4.29,NE,1667719284,23.989999999999952
238,cidreira,-30.1811,-50.2056,289.44,79,20,4.31,BR,1667719284,16.339999999999975
239,biak,-0.9131,122.8766,301.79,71,58,2.23,ID,1667719285,28.689999999999998
240,yenagoa,4.9247,6.2642,299.19,86,99,0.92,NG,1667719285,26.089999999999975
241,port hedland,-20.3167,118.5667,304.18,23,98,9.77,AU,1667719286,31.079999999999984
242,isoka,-10.1606,32.6335,302.46,30,77,1.7,ZM,1667719286,29.359999999999957
243,belaya gora,68.5333,146.4167,255.94,97,100,4.11,RU,1667719287,-17.160000000000025
244,marawi,7.9986,124.2928,298.75,77,96,1.83,PH,1667719287,25.649999999999977
245,port elizabeth,-33.918,25.5701,298.76,73,40,3.09,ZA,1667719287,25.659999999999968
246,kharitonovo,61.4009,47.4978,271.07,85,42,2.75,RU,1667719289,-2.0300000000000296
247,meiganga,6.5167,14.3,295.33,46,100,1.71,CM,1667719036,22.22999999999996
248,dungarpur,23.8333,73.7167,305.23,20,96,1.64,IN,1667719289,32.129999999999995
249,caravelas,-17.7125,-39.2481,295.23,69,100,4.3,BR,1667719289,22.129999999999995
250,changji,44.0167,87.3167,284.59,50,95,3.0,CN,1667719290,11.489999999999952
251,dingle,10.9995,122.6711,301.98,79,81,4.68,PH,1667719290,28.879999999999995
252,san cristobal,7.7669,-72.225,291.29,97,100,0.73,VE,1667719290,18.189999999999998
253,kazerun,29.6195,51.6541,293.23,26,0,1.39,IR,1667719291,20.129999999999995
254,tabou,4.423,-7.3528,298.55,87,73,2.94,CI,1667719132,25.44999999999999
255,sept-iles,50.2001,-66.3821,281.51,93,100,7.2,CA,1667719292,8.409999999999968
256,ahipara,-35.1667,173.1667,288.23,84,63,1.41,NZ,1667719292,15.129999999999995
257,warangal,18.0,79.5833,301.22,46,85,2.07,IN,1667719293,28.120000000000005
258,shubarkuduk,49.1447,56.4872,273.34,78,95,3.29,KZ,1667719293,0.23999999999995225
259,lahan,26.7296,86.4951,301.42,47,5,1.84,NP,1667719293,28.319999999999993
260,turayf,31.6725,38.6637,293.29,45,40,9.26,SA,1667719294,20.189999999999998
261,half moon bay,37.4636,-122.4286,290.14,91,100,3.6,US,1667719294,17.039999999999964
262,yershov,51.3513,48.2766,275.49,75,100,3.33,RU,1667719294,2.3899999999999864
263,chernyshevskiy,63.0128,112.4714,263.66,90,100,1.94,RU,1667719295,-9.439999999999998
264,sur,22.5667,59.5289,304.62,38,2,0.82,OM,1667719295,31.519999999999982
265,jimo,36.3897,120.4622,289.03,44,0,7.0,CN,1667719296,15.92999999999995
266,blagoyevo,63.3667,47.9167,273.07,90,100,2.81,RU,1667719296,-0.03000000000002956
267,usevya,-7.1,31.2333,301.6,41,100,2.6,TZ,1667719296,28.5
268,itarema,-2.9248,-39.9167,299.14,82,100,4.66,BR,1667719297,26.039999999999964
269,puerto escondido,15.85,-97.0667,298.61,69,40,2.06,MX,1667719297,25.50999999999999
270,vincennes,48.85,2.4333,282.9,85,100,5.14,FR,1667719298,9.799999999999955
271,tura,25.5198,90.2201,299.5,60,6,1.97,IN,1667719145,26.399999999999977
272,port blair,11.6667,92.75,303.17,66,40,4.12,IN,1667719298,30.069999999999993
273,mandal,25.45,74.5667,304.79,18,100,0.79,IN,1667719061,31.689999999999998
274,saldanha,-33.0117,17.9442,292.0,74,0,2.82,ZA,1667719299,18.899999999999977
275,benghazi,32.1167,20.0667,294.64,58,13,9.09,LY,1667719299,21.539999999999964
276,pucallpa,-8.3791,-74.5539,296.31,58,93,0.56,PE,1667719299,23.20999999999998
277,aksarka,66.5606,67.7975,267.56,96,100,1.51,RU,1667719300,-5.5400000000000205
278,airai,-8.9266,125.4092,295.36,66,85,1.34,TL,1667719300,22.25999999999999
279,luancheng,37.8792,114.6517,285.24,36,27,1.86,CN,1667719300,12.139999999999986
280,bundaberg,-24.85,152.35,296.05,58,17,0.89,AU,1667719301,22.94999999999999
281,kulhudhuffushi,6.6221,73.07,300.38,69,96,0.44,MV,1667719301,27.279999999999973
282,samarai,-10.6167,150.6667,302.17,71,90,4.25,PG,1667719301,29.069999999999993
283,gat,31.61,34.7642,297.82,100,0,1.61,IL,1667719302,24.71999999999997
284,saint-pierre,-21.3393,55.4781,299.97,65,75,3.6,RE,1667719302,26.870000000000005
285,deputatskiy,69.3,139.9,253.28,94,100,4.25,RU,1667719302,-19.82000000000002
286,russell,32.3502,-85.1999,295.75,78,0,1.54,US,1667719303,22.649999999999977
287,pisco,-13.7,-76.2167,287.18,82,9,1.03,PE,1667719303,14.079999999999984
288,san isidro,-12.1167,-77.05,289.27,84,0,4.12,PE,1667719303,16.16999999999996
289,trofors,65.5333,13.4063,277.08,100,100,0.89,NO,1667719304,3.9799999999999613
290,narsaq,60.9167,-46.05,280.27,89,100,0.39,GL,1667719304,7.169999999999959
291,guozhen,34.3659,107.359,293.22,48,22,0.41,CN,1667719305,20.120000000000005
292,khyriv,49.5333,22.8524,280.17,97,100,1.42,UA,1667719305,7.069999999999993
293,klaksvik,62.2266,-6.589,278.66,82,100,5.75,FO,1667719305,5.560000000000002
294,qaqortoq,60.7167,-46.0333,272.53,93,100,0.85,GL,1667719306,-0.57000000000005
295,san quintin,30.4833,-115.95,289.21,75,1,2.86,MX,1667719306,16.109999999999957
296,dabat,12.9842,37.765,290.03,43,4,2.79,ET,1667719306,16.92999999999995
297,maniitsoq,65.4167,-52.9,268.99,62,38,3.38,GL,1667719307,-4.110000000000014
298,gravdal,68.1214,13.5031,279.75,90,100,3.77,NO,1667719307,6.649999999999977
299,gillette,44.2911,-105.5022,271.51,48,20,3.09,US,1667719307,-1.5900000000000318
300,virginia beach,36.8529,-75.978,292.6,93,75,2.06,US,1667719308,19.5
301,namibe,-15.1961,12.1522,295.02,61,19,3.97,AO,1667719308,21.91999999999996
302,tome,-36.6167,-72.95,281.49,91,2,2.02,CL,1667719308,8.389999999999986
303,vite,17.2833,74.55,301.13,41,80,4.94,IN,1667719308,28.029999999999973
304,shakawe,-18.3667,21.85,300.03,46,68,1.45,BW,1667719310,26.92999999999995
305,fortuna,40.5982,-124.1573,280.92,94,100,1.34,US,1667719310,7.819999999999993
306,soyo,-6.1349,12.3689,298.93,82,93,1.66,AO,1667719310,25.829999999999984
307,shitanjing,39.2342,106.3439,281.47,26,0,3.33,CN,1667719040,8.370000000000005
308,methven,-43.6333,171.65,284.27,85,98,1.79,NZ,1667719311,11.169999999999959
309,castro,-24.7911,-50.0119,280.46,97,83,2.31,BR,1667719298,7.359999999999957
310,sao felix do xingu,-6.6447,-51.995,294.75,99,100,0.23,BR,1667719312,21.649999999999977
311,bijie,27.3125,105.2942,291.92,54,4,2.99,CN,1667719312,18.819999999999993
312,synya,65.3718,58.0387,270.68,98,100,1.72,RU,1667719312,-2.420000000000016
313,kollam,8.8833,76.6,301.78,68,85,2.34,IN,1667719086,28.67999999999995
314,eastleigh,50.9667,-1.35,286.96,96,75,0.51,GB,1667719042,13.859999999999957
315,vilhena,-12.7406,-60.1458,290.86,64,26,0.77,BR,1667719313,17.75999999999999
316,togur,58.3631,82.8265,272.73,75,15,4.01,RU,1667719313,-0.37000000000000455
317,meulaboh,4.1363,96.1285,301.87,67,100,2.5,ID,1667719314,28.769999999999982
318,sosnytsya,51.5239,32.4999,274.55,76,100,4.5,UA,1667719314,1.4499999999999886
319,rodrigues alves,-7.738,-72.6509,292.26,66,6,0.8,BR,1667719315,19.159999999999968
320,port lincoln,-34.7333,135.8667,294.99,52,7,3.11,AU,1667719315,21.889999999999986
321,valparaiso,-33.0393,-71.6273,283.95,81,0,0.0,CL,1667719315,10.849999999999966
322,mabaruma,8.2,-59.7833,294.72,99,57,0.84,GY,1667719316,21.620000000000005
323,brookings,44.3114,-96.7984,282.34,85,100,2.06,US,1667719316,9.239999999999952
324,saint george,37.1041,-113.5841,284.48,49,100,0.0,US,1667719316,11.379999999999995
325,yar-sale,66.8333,70.8333,266.01,80,100,0.12,RU,1667719316,-7.090000000000032
326,takaka,-40.85,172.8,287.9,81,68,0.61,NZ,1667719317,14.799999999999955
327,mehamn,71.0357,27.8492,278.12,93,100,5.66,NO,1667719317,5.019999999999982
328,port hardy,50.6996,-127.4199,277.25,87,75,6.69,CA,1667719317,4.149999999999977
329,bombay,19.0144,72.8479,307.14,22,20,2.57,IN,1667719129,34.039999999999964
330,pahrump,36.2083,-115.9839,286.66,38,85,1.05,US,1667719318,13.560000000000002
331,krasnoselkup,65.7,82.4667,270.63,97,100,3.18,RU,1667719318,-2.4700000000000273
332,constantine,36.365,6.6147,281.82,81,40,1.03,DZ,1667719319,8.71999999999997
333,nikolskoye,59.7035,30.7861,273.09,72,100,4.54,RU,1667719319,-0.010000000000047748
334,lompoc,34.6391,-120.4579,286.55,88,0,5.66,US,1667719320,13.449999999999989
335,elko,41.0002,-115.5012,276.16,87,100,1.79,US,1667719320,3.0600000000000023
336,san vicente,-26.6167,-54.1333,285.03,82,38,1.37,AR,1667719321,11.92999999999995
337,gwadar,25.1216,62.3254,300.49,65,100,3.47,PK,1667719321,27.389999999999986
338,taitung,22.7583,121.1444,298.3,73,75,2.57,TW,1667719206,25.19999999999999
339,san juan,-31.5375,-68.5364,295.4,29,31,9.97,AR,1667719322,22.299999999999955
340,cabra,37.4725,-4.4421,285.58,28,55,1.07,ES,1667719322,12.479999999999961
341,polis,35.0367,32.4264,295.05,49,0,1.47,CY,1667719323,21.94999999999999
342,tacarigua,10.0862,-67.9198,292.81,95,97,0.32,VE,1667719323,19.70999999999998
343,ambon,-3.6954,128.1814,299.23,89,40,2.06,ID,1667719323,26.129999999999995
344,kondinskoye,59.6481,67.41,267.82,88,23,4.2,RU,1667719324,-5.28000000000003
345,canakkale,40.0833,26.8333,285.47,48,100,1.3,TR,1667719324,12.370000000000005
346,sitka,57.0531,-135.33,274.09,37,20,1.54,US,1667719325,0.9899999999999523
347,ambilobe,-13.2,49.05,307.92,30,0,2.99,MG,1667719139,34.81999999999999
348,provost,52.3501,-110.2683,262.3,88,100,8.19,CA,1667719325,-10.800000000000011
349,rantepao,-2.9701,119.8978,297.89,88,100,1.07,ID,1667719326,24.789999999999964
350,kodinsk,58.6881,99.1844,272.55,82,100,2.42,RU,1667719152,-0.5500000000000114
351,winslow,35.0242,-110.6974,280.25,49,0,0.0,US,1667719327,7.149999999999977
352,san patricio,28.017,-97.5169,298.09,90,0,0.93,US,1667719327,24.989999999999952
353,ust-nera,64.5667,143.2,249.14,99,90,2.48,RU,1667719327,-23.960000000000036
354,marystown,47.1666,-55.1483,284.2,92,95,4.26,CA,1667719327,11.099999999999966
355,imeni poliny osipenko,52.4201,136.4853,266.35,72,6,2.24,RU,1667719328,-6.75
356,epe,6.5841,3.9834,298.78,87,100,1.04,NG,1667719328,25.67999999999995
357,mudgee,-32.5943,149.5871,292.94,78,98,0.59,AU,1667719066,19.839999999999975
358,luderitz,-26.6481,15.1594,293.13,66,99,2.91,NA,1667719329,20.029999999999973
359,guanica,17.9716,-66.908,297.14,93,63,3.19,PR,1667719329,24.039999999999964
360,fort nelson,58.8053,-122.7002,259.92,85,100,4.12,CA,1667719329,-13.180000000000007
361,carutapera,-1.195,-46.02,296.19,94,100,1.3,BR,1667719330,23.089999999999975
362,nelson bay,-32.7167,152.15,294.31,79,100,5.36,AU,1667719330,21.20999999999998
363,schwanewede,53.2333,8.6,282.13,91,62,1.79,DE,1667719331,9.029999999999973
364,miyakonojo,31.7333,131.0667,292.94,54,100,2.34,JP,1667719331,19.839999999999975
365,pietarsaari,63.65,22.6833,275.93,93,100,7.39,FI,1667719331,2.829999999999984
366,havre-saint-pierre,50.2334,-63.5986,280.35,87,100,5.66,CA,1667719332,7.25
367,awbari,26.5921,12.7805,290.01,30,0,2.39,LY,1667719332,16.909999999999968
368,anadyr,64.75,177.4833,275.43,75,0,7.0,RU,1667719332,2.329999999999984
369,steamboat springs,40.485,-106.8317,272.23,93,100,5.14,US,1667719333,-0.8700000000000045
370,svetlogorsk,52.6333,29.7333,276.3,84,100,5.45,BY,1667719333,3.1999999999999886
371,skibbereen,51.55,-9.2667,284.88,86,91,10.19,IE,1667719334,11.779999999999973
372,kattivakkam,13.2167,80.3167,304.2,62,100,6.96,IN,1667719063,31.099999999999966
373,gushikawa,26.3544,127.8686,295.92,60,40,6.17,JP,1667719334,22.819999999999993
374,kosh-agach,50.0,88.6667,274.89,44,74,0.99,RU,1667719334,1.7899999999999636
375,souillac,-20.5167,57.5167,300.36,61,40,6.17,MU,1667719335,27.25999999999999
376,cap malheureux,-19.9842,57.6142,299.52,68,12,3.13,MU,1667719335,26.41999999999996
377,adrar,20.5022,-10.0711,293.36,19,0,3.94,MR,1667719336,20.25999999999999
378,novobeysugskaya,45.472,39.8861,280.87,65,6,6.4,RU,1667719336,7.769999999999982
379,loikaw,19.6742,97.2094,299.89,48,8,1.31,MM,1667719336,26.789999999999964
380,praia da vitoria,38.7333,-27.0667,289.13,94,75,3.37,PT,1667719337,16.029999999999973
381,bathsheba,13.2167,-59.5167,299.49,89,75,9.26,BB,1667719337,26.389999999999986
382,namtsy,62.7161,129.6658,254.88,98,100,1.2,RU,1667719337,-18.220000000000027
383,seoni malwa,22.45,77.4667,304.45,34,3,0.97,IN,1667719055,31.349999999999966
384,dikson,73.5069,80.5464,262.91,93,100,6.77,RU,1667719338,-10.189999999999998
385,arlit,18.7369,7.3853,295.38,18,54,1.04,NE,1667719338,22.279999999999973
386,macklin,52.3334,-109.9348,262.15,89,100,8.68,CA,1667719339,-10.950000000000045
387,desnogorsk,54.1508,33.2815,273.1,82,100,4.23,RU,1667719339,0.0
388,apac,1.9756,32.5386,294.32,81,98,0.99,UG,1667719339,21.21999999999997
389,khandyga,62.6667,135.6,255.92,99,100,0.87,RU,1667719340,-17.180000000000035
390,gornoye loo,43.7129,39.6049,285.03,51,12,1.02,RU,1667719340,11.92999999999995
391,xiaoweizhai,26.1903,107.5125,296.34,45,78,1.98,CN,1667719341,23.239999999999952
392,los llanos de aridane,28.6585,-17.9182,291.01,75,20,4.12,ES,1667719341,17.909999999999968
393,mushie,-3.0167,16.9,295.27,97,100,1.16,CD,1667719341,22.16999999999996
394,arang,21.2,81.9667,304.33,45,11,0.39,IN,1667719047,31.22999999999996
395,tonota,-21.4833,27.4833,302.25,43,96,3.7,BW,1667719342,29.149999999999977
396,alihe,50.5667,123.7167,273.45,50,6,1.38,CN,1667719342,0.3499999999999659
397,ihosy,-22.4,46.1167,299.6,58,100,1.09,MG,1667719343,26.5
398,kontagora,10.3999,5.4695,295.85,32,100,2.77,NG,1667719343,22.75
399,fort saint james,54.4333,-124.25,260.28,70,72,4.1,CA,1667719343,-12.82000000000005
400,altamira,-3.2033,-52.2064,295.71,91,100,0.43,BR,1667719343,22.609999999999957
401,lorengau,-2.0226,147.2712,301.58,75,63,1.64,PG,1667719344,28.47999999999996
402,husavik,66.0449,-17.3389,274.93,93,56,3.75,IS,1667719344,1.829999999999984
403,aras,42.5617,-2.356,274.39,93,0,1.54,ES,1667719344,1.2899999999999636
404,paamiut,61.994,-49.6678,272.26,78,100,12.46,GL,1667719345,-0.8400000000000318
405,la rioja,42.25,-2.5,271.03,32,19,2.67,ES,1667719345,-2.07000000000005
406,dwarka,22.2394,68.9678,303.37,44,100,3.7,IN,1667719345,30.269999999999982
407,rio gallegos,-51.6226,-69.2181,282.18,87,0,2.06,AR,1667719346,9.079999999999984
408,techiman,7.5862,-1.9414,295.4,86,50,1.22,GH,1667719346,22.299999999999955
409,urucui,-7.2294,-44.5561,295.79,96,100,0.84,BR,1667719346,22.689999999999998
410,camacha,33.0833,-16.3333,290.83,82,75,1.54,PT,1667719346,17.72999999999996
411,dzilam gonzalez,21.2833,-88.9333,295.45,90,2,2.32,MX,1667719347,22.349999999999966
412,tshikapa,-6.4167,20.8,297.1,81,92,1.26,CD,1667719347,24.0
413,ajdabiya,30.7554,20.2263,295.75,44,0,6.9,LY,1667719347,22.649999999999977
414,jaumave,23.4167,-99.3833,289.68,74,0,1.84,MX,1667719348,16.579999999999984
415,dedovichi,57.5517,29.9502,273.98,86,100,4.82,RU,1667719348,0.8799999999999955
416,tilichiki,60.4667,166.1,271.44,91,94,2.81,RU,1667719348,-1.660000000000025
417,sinnamary,5.3833,-52.95,298.41,85,83,1.68,GF,1667719349,25.310000000000002
418,choya,52.0108,86.5467,281.68,53,100,1.57,RU,1667719350,8.579999999999984
419,naze,28.3667,129.4833,293.66,67,74,4.36,JP,1667719350,20.560000000000002
420,peniche,39.3558,-9.3811,285.62,97,51,3.69,PT,1667719351,12.519999999999982
421,ta khmau,11.4833,104.95,304.18,62,40,2.06,KH,1667719351,31.079999999999984
422,elk city,35.412,-99.4043,282.14,76,0,4.12,US,1667719351,9.039999999999964
423,bitam,2.076,11.5007,295.18,100,100,0.49,GA,1667719352,22.079999999999984
424,yumen,40.2833,97.2,284.35,16,42,6.59,CN,1667719352,11.25
425,abha,18.2164,42.5053,295.29,21,0,0.0,SA,1667719352,22.189999999999998
426,bac lieu,9.285,105.7244,301.69,75,100,5.03,VN,1667719193,28.589999999999975
427,namatanai,-3.6667,152.4333,299.83,81,91,1.1,PG,1667719353,26.72999999999996
428,afua,-0.1567,-50.3867,296.2,94,100,0.93,BR,1667719354,23.099999999999966
429,polunochnoye,60.8697,60.4153,269.65,80,53,2.22,RU,1667719355,-3.4500000000000455
430,broome,42.2506,-75.833,294.2,79,75,5.66,US,1667719355,21.099999999999966
431,touros,-5.1989,-35.4608,298.49,79,70,5.13,BR,1667719355,25.389999999999986
432,rancho palos verdes,33.7445,-118.387,288.14,78,8,2.56,US,1667719356,15.039999999999964
433,coquimbo,-29.9533,-71.3436,285.0,82,0,3.6,CL,1667719356,11.899999999999977
434,kununurra,-15.7667,128.7333,312.14,19,5,2.06,AU,1667719356,39.039999999999964
435,erzin,36.9559,36.2,296.33,29,0,1.16,TR,1667719357,23.22999999999996
436,hambantota,6.1241,81.1185,300.47,77,100,4.65,LK,1667719358,27.370000000000005
437,nogliki,51.8333,143.1667,269.02,66,77,4.92,RU,1667719358,-4.080000000000041
438,gornyy,55.1153,83.9059,275.84,52,42,7.49,RU,1667719358,2.7399999999999523
439,arraias,-12.9288,-46.9437,293.91,75,100,1.29,BR,1667719359,20.810000000000002
440,tessalit,20.1986,1.0114,295.01,19,0,3.08,ML,1667719360,21.909999999999968
441,isangel,-19.55,169.2667,299.5,78,7,2.73,VU,1667719360,26.399999999999977
442,oksfjord,70.2396,22.3479,277.25,99,100,2.83,NO,1667719361,4.149999999999977
443,nemuro,43.3236,145.575,281.27,55,94,2.05,JP,1667719361,8.169999999999959
444,ternate,0.8,127.4,301.95,73,94,2.06,ID,1667719317,28.849999999999966
445,penon blanco,24.7897,-104.0369,287.47,34,0,3.28,MX,1667719362,14.370000000000005
446,salalah,17.0151,54.0924,304.2,55,0,1.03,OM,1667719363,31.099999999999966
447,wamba,8.9333,8.6,297.48,35,78,0.71,NG,1667719363,24.379999999999995
448,cabo san lucas,22.8909,-109.9124,295.66,62,0,2.24,MX,1667719363,22.560000000000002
449,ixtapa,20.7,-105.2,293.07,94,4,1.15,MX,1667719364,19.96999999999997
450,gaoua,10.2992,-3.2508,298.47,53,98,0.77,BF,1667719364,25.370000000000005
451,visnes,59.3556,5.2242,284.38,76,75,9.26,NO,1667719364,11.279999999999973
452,tuban,-6.8976,112.0649,303.59,63,100,0.91,ID,1667719329,30.489999999999952
453,jaque,7.5175,-78.1703,297.53,92,100,2.44,PA,1667719365,24.42999999999995
454,kiunga,-6.1219,141.2906,300.49,85,99,1.31,PG,1667719365,27.389999999999986
455,ciudad bolivar,8.1222,-63.5497,297.63,77,50,1.18,VE,1667719365,24.529999999999973
456,poum,-20.2333,164.0167,299.73,75,3,1.96,NC,1667719366,26.629999999999995
457,alofi,-19.0595,-169.9187,296.09,83,3,4.63,NU,1667719366,22.989999999999952
458,yerbogachen,61.2767,108.0108,266.97,86,92,4.75,RU,1667719366,-6.1299999999999955
459,prince rupert,54.3161,-130.3201,277.98,66,100,7.2,CA,1667719367,4.8799999999999955
460,lyangasovo,58.5176,49.4472,271.41,80,99,3.04,RU,1667719367,-1.6899999999999977
461,asfi,32.2994,-9.2372,291.29,91,60,5.01,MA,1667719368,18.189999999999998
462,tharad,24.3961,71.6267,306.39,21,83,2.23,IN,1667719368,33.289999999999964
463,tamiahua,21.2667,-97.45,297.29,90,45,2.85,MX,1667719370,24.189999999999998
464,auki,-8.7676,160.7034,299.96,83,29,2.53,SB,1667719370,26.859999999999957
465,breytovo,58.2993,37.8617,272.49,84,96,4.67,RU,1667719371,-0.6100000000000136
466,hare bay,48.8499,-54.0148,278.93,85,100,3.92,CA,1667719371,5.829999999999984
467,zhezkazgan,47.8043,67.7144,275.14,64,100,2.0,KZ,1667719372,2.0399999999999636
468,rafai,4.95,23.9167,299.2,70,91,0.37,CF,1667719372,26.099999999999966
469,olecko,54.0337,22.507,278.9,94,100,2.24,PL,1667719373,5.7999999999999545
470,san rafael,-34.6177,-68.3301,293.19,33,100,2.35,AR,1667719373,20.089999999999975
471,faya,18.3851,42.4509,295.44,41,4,0.81,SA,1667719373,22.339999999999975
472,kargil,34.5667,76.1,275.07,60,100,1.98,IN,1667719373,1.9699999999999704
473,rock sound,24.9,-76.2,300.11,71,2,9.85,BS,1667719374,27.00999999999999
474,chalons-en-champagne,48.9539,4.3672,280.19,94,75,3.47,FR,1667719374,7.089999999999975
475,bilma,18.6853,12.9164,294.33,24,37,3.38,NE,1667719374,21.22999999999996
476,cuajinicuilapa,16.4667,-98.4167,297.57,89,95,1.22,MX,1667719375,24.46999999999997
477,loveland,40.3978,-105.075,282.28,49,20,6.69,US,1667719375,9.17999999999995
478,alegrete,-29.7831,-55.7919,286.33,83,0,6.75,BR,1667719375,13.229999999999961
479,axim,4.8699,-2.2405,298.94,86,74,2.53,GH,1667719376,25.839999999999975
480,vallenar,-28.5708,-70.7581,287.72,73,39,1.04,CL,1667719376,14.620000000000005
481,fairbanks,64.8378,-147.7164,256.99,84,0,2.06,US,1667719376,-16.110000000000014
482,otradnoye,59.7775,30.8181,273.18,73,100,4.57,RU,1667719377,0.07999999999998408
483,bosaso,11.2842,49.1816,301.14,74,75,0.0,SO,1667719377,28.039999999999964
484,pangkalanbuun,-2.6833,111.6167,299.06,91,100,1.96,ID,1667719378,25.95999999999998
485,george,-33.963,22.4617,290.9,88,75,4.63,ZA,1667719378,17.799999999999955
486,comodoro rivadavia,-45.8667,-67.5,286.07,88,0,5.14,AR,1667719378,12.96999999999997
487,tieling,42.2931,123.8414,285.05,56,100,4.43,CN,1667719379,11.949999999999989
488,chernoistochinsk,57.7364,59.8719,270.28,79,100,5.07,RU,1667719380,-2.82000000000005
489,kautokeino,69.0125,23.0412,274.58,98,100,4.96,NO,1667719380,1.4799999999999613
490,biskamzha,53.4497,89.5272,279.77,70,77,2.01,RU,1667719381,6.669999999999959
491,fergus falls,46.283,-96.0776,279.74,63,75,6.17,US,1667719381,6.639999999999986
492,xinyu,27.8043,114.9334,296.59,39,22,1.21,CN,1667719381,23.489999999999952
493,kaniama,-7.5667,24.1833,294.34,90,93,1.42,CD,1667719382,21.239999999999952
494,yurginskoye,56.8189,67.3921,270.68,90,99,5.5,RU,1667719382,-2.420000000000016
495,dullewala,31.8359,71.4362,298.9,41,100,4.73,PK,1667719382,25.799999999999955
496,mayo,38.8876,-76.5119,294.31,92,0,4.63,US,1667719383,21.20999999999998
497,boa vista,2.8197,-60.6733,296.14,100,75,2.57,BR,1667719383,23.039999999999964
498,inhambane,-23.865,35.3833,302.14,74,75,4.12,MZ,1667719141,29.039999999999964
499,kailua,21.4022,-157.7394,300.14,79,100,1.34,US,1667719384,27.039999999999964
500,khorlovo,55.3353,38.8131,271.94,80,89,2.22,RU,1667719384,-1.160000000000025
501,houma,29.5958,-90.7195,296.49,96,100,4.63,US,1667719384,23.389999999999986
502,evensk,61.95,159.2333,268.92,96,100,2.16,RU,1667719385,-4.180000000000007
503,pacifica,37.6138,-122.4869,289.49,94,75,3.6,US,1667719385,16.389999999999986
504,kenai,60.5544,-151.2583,269.9,58,0,5.66,US,1667719386,-3.2000000000000455
505,wexford,52.3342,-6.4575,284.89,85,17,8.47,IE,1667719386,11.789999999999964
506,alto araguaia,-17.3147,-53.2153,290.11,57,0,1.43,BR,1667719386,17.00999999999999
507,thinadhoo,0.5333,72.9333,300.61,75,26,4.33,MV,1667719386,27.50999999999999
508,biltine,14.5333,20.9167,302.08,17,78,7.24,TD,1667719387,28.97999999999996
509,tofield,53.3668,-112.6686,263.77,86,100,6.05,CA,1667719387,-9.330000000000041
510,turbat,26.0023,63.044,301.1,51,100,3.66,PK,1667719387,28.0
511,waipawa,-41.4122,175.5153,283.65,75,31,3.15,NZ,1667719388,10.549999999999955
512,kuching,1.55,110.3333,301.27,74,40,4.47,MY,1667719155,28.16999999999996
513,reichenau,50.9075,14.9563,278.97,94,20,0.89,PL,1667719388,5.8700000000000045
514,solnechnyy,50.7214,136.6319,269.46,43,0,0.14,RU,1667719389,-3.640000000000043
515,ballina,-28.8667,153.5667,293.71,74,0,3.7,AU,1667719389,20.609999999999957
516,bada,51.392,109.8717,275.05,62,80,4.47,RU,1667719389,1.9499999999999886
517,clearwater,27.9659,-82.8001,297.11,81,0,3.13,US,1667719390,24.00999999999999
518,bara,10.3744,10.7288,297.02,26,62,2.66,NG,1667719390,23.91999999999996
519,nabire,-3.3667,135.4833,301.5,81,99,0.6,ID,1667719390,28.399999999999977
520,brownwood,31.7093,-98.9912,288.15,52,0,2.57,US,1667719391,15.049999999999955
521,josanicka banja,43.3895,20.7503,279.76,94,100,1.75,RS,1667719391,6.659999999999968
522,wattegama,6.7989,81.4808,304.21,54,74,3.02,LK,1667719270,31.109999999999957
523,filingue,14.3521,3.3168,297.74,16,99,3.98,NE,1667719392,24.639999999999986
524,kidal,18.4411,1.4078,294.98,20,0,4.14,ML,1667719392,21.879999999999995
525,padang,-0.9492,100.3543,304.18,74,88,2.2,ID,1667719393,31.079999999999984
526,shenjiamen,29.9576,122.298,289.72,59,99,3.57,CN,1667719394,16.620000000000005
527,nyurba,63.2842,118.3319,255.35,97,87,1.26,RU,1667719394,-17.75000000000003
528,nigde,37.8333,34.75,284.82,34,0,1.68,TR,1667719394,11.71999999999997
529,nsanje,-16.92,35.262,304.09,52,79,1.07,MW,1667719395,30.989999999999952
530,shelburne,44.0787,-80.2041,288.57,69,100,8.24,CA,1667719395,15.46999999999997
531,bayan,46.0833,127.4,277.8,43,10,1.99,CN,1667719395,4.699999999999989
532,great bend,38.3645,-98.7648,280.95,80,0,3.09,US,1667719395,7.849999999999966
533,cap-aux-meules,47.3821,-61.8597,286.16,94,76,6.17,CA,1667719396,13.060000000000002
534,sheksna,59.21,38.5107,270.13,89,74,3.64,RU,1667719396,-2.9700000000000273
535,agadir,30.4202,-9.5982,287.4,58,5,0.97,MA,1667719396,14.299999999999955
536,santiago,-33.4569,-70.6483,291.62,71,0,3.6,CL,1667719296,18.519999999999982
537,impfondo,1.6381,18.0667,295.97,91,98,0.83,CG,1667719152,22.870000000000005
538,ifakara,-8.1333,36.6833,303.15,46,47,1.79,TZ,1667719397,30.049999999999955
539,coahuayana,18.7333,-103.6833,296.99,93,58,1.15,MX,1667719398,23.889999999999986
540,khromtau,50.2503,58.4347,269.99,84,97,2.67,KZ,1667719398,-3.1100000000000136
541,bulungu,-4.55,18.6,294.15,99,100,1.19,CD,1667719398,21.049999999999955
542,nanakuli,21.3906,-158.1547,300.12,62,0,2.57,US,1667719398,27.019999999999982
543,kokopo,-4.352,152.2633,299.42,80,90,1.3,PG,1667719399,26.319999999999993
544,krasnovishersk,60.4078,57.082,269.96,90,100,1.15,RU,1667719399,-3.140000000000043
545,acapulco,16.8634,-99.8901,299.05,89,40,1.03,MX,1667719399,25.94999999999999
546,andapa,-14.65,49.65,301.36,44,14,2.26,MG,1667719400,28.25999999999999
547,grand-santi,4.25,-54.3833,295.33,99,99,0.51,GF,1667719400,22.22999999999996
548,okakarara,-20.5833,17.4333,295.93,25,99,2.42,NA,1667719208,22.829999999999984
